{
	"frames": {

		"strainer_0": {
			"frame": {
				"x": 0,
				"y": 0,
				"w": 84,
				"h": 85
			},
			"rotated": false,
			"trimmed": false,
			"spriteSourceSize": {
				"x": 0,
				"y": 0,
				"w": 84,
				"h": 85
			},
			"sourceSize": {
				"w": 84,
				"h": 85
			}
        },
        
        "strainer_1": {
			"frame": {
				"x": 84,
				"y": 0,
				"w": 84,
				"h": 85
			},
			"rotated": false,
			"trimmed": false,
			"spriteSourceSize": {
				"x": 0,
				"y": 0,
				"w": 84,
				"h": 85
			},
			"sourceSize": {
				"w": 84,
				"h": 85
			}
        },
        
        "strainer_2": {
			"frame": {
				"x": 168,
				"y": 0,
				"w": 84,
				"h": 85
			},
			"rotated": false,
			"trimmed": false,
			"spriteSourceSize": {
				"x": 0,
				"y": 0,
				"w": 84,
				"h": 85
			},
			"sourceSize": {
				"w": 84,
				"h": 85
			}
        },

        "strainer_3": {
			"frame": {
				"x": 252,
				"y": 0,
				"w": 84,
				"h": 85
			},
			"rotated": false,
			"trimmed": false,
			"spriteSourceSize": {
				"x": 0,
				"y": 0,
				"w": 84,
				"h": 85
			},
			"sourceSize": {
				"w": 84,
				"h": 85
			}
        }

    },
    "meta": {
		"app": "nonse",
		"version": "1.0",
		"image": "spritesheet.png",
		"format": "RGBA8888",
		"size": {
			"w": 336,
			"h": 85
		},
		"scale": "1"
    }
}