<?xml version="1.0"?>
<font>
  <info face="BitPap" size="20" bold="0" italic="0" charset="" unicode="1" stretchH="100" smooth="1" aa="1" padding="0,0,0,0" spacing="1,1" outline="0"/>
  <common lineHeight="20" base="15" scaleW="256" scaleH="256" pages="1" packed="0" alphaChnl="1" redChnl="0" greenChnl="0" blueChnl="0"/>
  <pages>
    <page id="0" file="CafeFont_0.png" />
  </pages>
  <chars count="105">
    <char id="32" x="67" y="18" width="3" height="1" xoffset="-1" yoffset="19" xadvance="6" page="0" chnl="15" />
    <char id="33" x="250" y="15" width="5" height="14" xoffset="0" yoffset="1" xadvance="5" page="0" chnl="15" />
    <char id="34" x="191" y="45" width="8" height="6" xoffset="-1" yoffset="1" xadvance="8" page="0" chnl="15" />
    <char id="35" x="233" y="0" width="11" height="14" xoffset="-1" yoffset="1" xadvance="10" page="0" chnl="15" />
    <char id="36" x="108" y="0" width="11" height="16" xoffset="-1" yoffset="1" xadvance="10" page="0" chnl="15" />
    <char id="37" x="199" y="0" width="18" height="14" xoffset="-1" yoffset="1" xadvance="18" page="0" chnl="15" />
    <char id="38" x="218" y="0" width="14" height="14" xoffset="-1" yoffset="1" xadvance="14" page="0" chnl="15" />
    <char id="39" x="206" y="44" width="4" height="6" xoffset="-1" yoffset="1" xadvance="4" page="0" chnl="15" />
    <char id="40" x="144" y="31" width="7" height="14" xoffset="-1" yoffset="1" xadvance="6" page="0" chnl="15" />
    <char id="41" x="152" y="31" width="7" height="14" xoffset="-1" yoffset="1" xadvance="6" page="0" chnl="15" />
    <char id="42" x="181" y="45" width="9" height="8" xoffset="-1" yoffset="0" xadvance="9" page="0" chnl="15" />
    <char id="43" x="34" y="50" width="12" height="11" xoffset="0" yoffset="2" xadvance="13" page="0" chnl="15" />
    <char id="44" x="200" y="44" width="5" height="6" xoffset="0" yoffset="12" xadvance="5" page="0" chnl="15" />
    <char id="45" x="224" y="43" width="8" height="4" xoffset="-1" yoffset="8" xadvance="8" page="0" chnl="15" />
    <char id="46" x="9" y="64" width="5" height="3" xoffset="0" yoffset="12" xadvance="5" page="0" chnl="15" />
    <char id="47" x="170" y="0" width="8" height="15" xoffset="-1" yoffset="0" xadvance="8" page="0" chnl="15" />
    <char id="48" x="154" y="16" width="9" height="14" xoffset="-1" yoffset="1" xadvance="9" page="0" chnl="15" />
    <char id="49" x="54" y="35" width="8" height="14" xoffset="-1" yoffset="1" xadvance="8" page="0" chnl="15" />
    <char id="50" x="0" y="21" width="11" height="14" xoffset="-1" yoffset="1" xadvance="10" page="0" chnl="15" />
    <char id="51" x="174" y="16" width="9" height="14" xoffset="-1" yoffset="1" xadvance="9" page="0" chnl="15" />
    <char id="52" x="24" y="20" width="11" height="14" xoffset="-1" yoffset="1" xadvance="10" page="0" chnl="15" />
    <char id="53" x="36" y="20" width="11" height="14" xoffset="-1" yoffset="1" xadvance="10" page="0" chnl="15" />
    <char id="54" x="48" y="20" width="11" height="14" xoffset="-1" yoffset="1" xadvance="10" page="0" chnl="15" />
    <char id="55" x="60" y="20" width="11" height="14" xoffset="-1" yoffset="1" xadvance="10" page="0" chnl="15" />
    <char id="56" x="72" y="18" width="11" height="14" xoffset="-1" yoffset="1" xadvance="10" page="0" chnl="15" />
    <char id="57" x="84" y="18" width="11" height="14" xoffset="-1" yoffset="1" xadvance="10" page="0" chnl="15" />
    <char id="58" x="18" y="50" width="5" height="12" xoffset="0" yoffset="3" xadvance="5" page="0" chnl="15" />
    <char id="59" x="193" y="0" width="5" height="15" xoffset="0" yoffset="3" xadvance="5" page="0" chnl="15" />
    <char id="60" x="197" y="31" width="13" height="12" xoffset="-1" yoffset="2" xadvance="13" page="0" chnl="15" />
    <char id="61" x="135" y="46" width="12" height="9" xoffset="-1" yoffset="3" xadvance="11" page="0" chnl="15" />
    <char id="62" x="211" y="30" width="13" height="12" xoffset="-1" yoffset="2" xadvance="13" page="0" chnl="15" />
    <char id="63" x="120" y="17" width="11" height="14" xoffset="-1" yoffset="1" xadvance="10" page="0" chnl="15" />
    <char id="64" x="6" y="0" width="18" height="19" xoffset="-1" yoffset="0" xadvance="18" page="0" chnl="15" />
    <char id="65" x="90" y="33" width="8" height="14" xoffset="-1" yoffset="1" xadvance="8" page="0" chnl="15" />
    <char id="66" x="81" y="33" width="8" height="14" xoffset="-1" yoffset="1" xadvance="8" page="0" chnl="15" />
    <char id="67" x="72" y="33" width="8" height="14" xoffset="-1" yoffset="1" xadvance="8" page="0" chnl="15" />
    <char id="68" x="36" y="35" width="8" height="14" xoffset="-1" yoffset="1" xadvance="8" page="0" chnl="15" />
    <char id="69" x="241" y="15" width="8" height="14" xoffset="-1" yoffset="1" xadvance="8" page="0" chnl="15" />
    <char id="70" x="18" y="35" width="8" height="14" xoffset="-1" yoffset="1" xadvance="8" page="0" chnl="15" />
    <char id="71" x="245" y="0" width="9" height="14" xoffset="-1" yoffset="1" xadvance="9" page="0" chnl="15" />
    <char id="72" x="45" y="35" width="8" height="14" xoffset="-1" yoffset="1" xadvance="8" page="0" chnl="15" />
    <char id="73" x="166" y="31" width="4" height="14" xoffset="-1" yoffset="1" xadvance="4" page="0" chnl="15" />
    <char id="74" x="223" y="15" width="8" height="14" xoffset="-1" yoffset="1" xadvance="8" page="0" chnl="15" />
    <char id="75" x="27" y="35" width="8" height="14" xoffset="-1" yoffset="1" xadvance="8" page="0" chnl="15" />
    <char id="76" x="135" y="31" width="8" height="14" xoffset="-1" yoffset="1" xadvance="8" page="0" chnl="15" />
    <char id="77" x="132" y="16" width="11" height="14" xoffset="-1" yoffset="1" xadvance="10" page="0" chnl="15" />
    <char id="78" x="12" y="20" width="11" height="14" xoffset="-1" yoffset="1" xadvance="10" page="0" chnl="15" />
    <char id="79" x="144" y="16" width="9" height="14" xoffset="-1" yoffset="1" xadvance="9" page="0" chnl="15" />
    <char id="80" x="126" y="32" width="8" height="14" xoffset="-1" yoffset="1" xadvance="8" page="0" chnl="15" />
    <char id="81" x="108" y="17" width="11" height="14" xoffset="-1" yoffset="1" xadvance="10" page="0" chnl="15" />
    <char id="82" x="117" y="32" width="8" height="14" xoffset="-1" yoffset="1" xadvance="8" page="0" chnl="15" />
    <char id="83" x="108" y="32" width="8" height="14" xoffset="-1" yoffset="1" xadvance="8" page="0" chnl="15" />
    <char id="84" x="164" y="16" width="9" height="14" xoffset="-1" yoffset="1" xadvance="9" page="0" chnl="15" />
    <char id="85" x="99" y="32" width="8" height="14" xoffset="-1" yoffset="1" xadvance="8" page="0" chnl="15" />
    <char id="86" x="184" y="16" width="9" height="14" xoffset="-1" yoffset="1" xadvance="9" page="0" chnl="15" />
    <char id="87" x="96" y="17" width="11" height="14" xoffset="-1" yoffset="1" xadvance="10" page="0" chnl="15" />
    <char id="88" x="214" y="15" width="8" height="14" xoffset="-1" yoffset="1" xadvance="8" page="0" chnl="15" />
    <char id="89" x="194" y="16" width="9" height="14" xoffset="-1" yoffset="1" xadvance="9" page="0" chnl="15" />
    <char id="90" x="204" y="15" width="9" height="14" xoffset="-1" yoffset="1" xadvance="9" page="0" chnl="15" />
    <char id="91" x="179" y="0" width="6" height="15" xoffset="-1" yoffset="0" xadvance="5" page="0" chnl="15" />
    <char id="92" x="161" y="0" width="8" height="15" xoffset="-1" yoffset="0" xadvance="8" page="0" chnl="15" />
    <char id="93" x="186" y="0" width="6" height="15" xoffset="-1" yoffset="0" xadvance="5" page="0" chnl="15" />
    <char id="94" x="169" y="46" width="11" height="8" xoffset="-1" yoffset="0" xadvance="10" page="0" chnl="15" />
    <char id="95" x="240" y="43" width="13" height="3" xoffset="-1" yoffset="17" xadvance="13" page="0" chnl="15" />
    <char id="96" x="233" y="43" width="6" height="4" xoffset="0" yoffset="0" xadvance="6" page="0" chnl="15" />
    <char id="97" x="9" y="51" width="8" height="12" xoffset="-1" yoffset="3" xadvance="8" page="0" chnl="15" />
    <char id="98" x="232" y="15" width="8" height="14" xoffset="-1" yoffset="1" xadvance="8" page="0" chnl="15" />
    <char id="99" x="244" y="30" width="8" height="12" xoffset="-1" yoffset="3" xadvance="8" page="0" chnl="15" />
    <char id="100" x="0" y="36" width="8" height="14" xoffset="-1" yoffset="1" xadvance="8" page="0" chnl="15" />
    <char id="101" x="0" y="51" width="8" height="12" xoffset="-1" yoffset="3" xadvance="8" page="0" chnl="15" />
    <char id="102" x="9" y="36" width="8" height="14" xoffset="-1" yoffset="1" xadvance="8" page="0" chnl="15" />
    <char id="103" x="80" y="0" width="9" height="17" xoffset="-1" yoffset="3" xadvance="9" page="0" chnl="15" />
    <char id="104" x="63" y="35" width="8" height="14" xoffset="-1" yoffset="1" xadvance="8" page="0" chnl="15" />
    <char id="105" x="24" y="50" width="4" height="12" xoffset="-1" yoffset="3" xadvance="4" page="0" chnl="15" />
    <char id="106" x="120" y="0" width="5" height="16" xoffset="-2" yoffset="3" xadvance="4" page="0" chnl="15" />
    <char id="107" x="235" y="30" width="8" height="12" xoffset="-1" yoffset="3" xadvance="8" page="0" chnl="15" />
    <char id="108" x="29" y="50" width="4" height="12" xoffset="-1" yoffset="3" xadvance="4" page="0" chnl="15" />
    <char id="109" x="60" y="50" width="12" height="10" xoffset="-1" yoffset="5" xadvance="11" page="0" chnl="15" />
    <char id="110" x="160" y="46" width="8" height="9" xoffset="-1" yoffset="6" xadvance="8" page="0" chnl="15" />
    <char id="111" x="97" y="48" width="9" height="10" xoffset="-1" yoffset="5" xadvance="9" page="0" chnl="15" />
    <char id="112" x="171" y="31" width="8" height="13" xoffset="-1" yoffset="6" xadvance="8" page="0" chnl="15" />
    <char id="113" x="180" y="31" width="8" height="13" xoffset="-1" yoffset="6" xadvance="8" page="0" chnl="15" />
    <char id="114" x="117" y="47" width="8" height="10" xoffset="-1" yoffset="5" xadvance="8" page="0" chnl="15" />
    <char id="115" x="225" y="30" width="9" height="12" xoffset="-1" yoffset="3" xadvance="9" page="0" chnl="15" />
    <char id="116" x="189" y="31" width="7" height="13" xoffset="-1" yoffset="2" xadvance="6" page="0" chnl="15" />
    <char id="117" x="126" y="47" width="8" height="10" xoffset="-1" yoffset="5" xadvance="8" page="0" chnl="15" />
    <char id="118" x="73" y="48" width="11" height="10" xoffset="-1" yoffset="5" xadvance="10" page="0" chnl="15" />
    <char id="119" x="85" y="48" width="11" height="10" xoffset="-1" yoffset="5" xadvance="10" page="0" chnl="15" />
    <char id="120" x="148" y="46" width="11" height="9" xoffset="-1" yoffset="6" xadvance="10" page="0" chnl="15" />
    <char id="121" x="151" y="0" width="9" height="15" xoffset="-1" yoffset="3" xadvance="9" page="0" chnl="15" />
    <char id="122" x="107" y="47" width="9" height="10" xoffset="-1" yoffset="5" xadvance="9" page="0" chnl="15" />
    <char id="123" x="25" y="0" width="11" height="19" xoffset="-1" yoffset="0" xadvance="10" page="0" chnl="15" />
    <char id="124" x="61" y="0" width="5" height="18" xoffset="0" yoffset="0" xadvance="5" page="0" chnl="15" />
    <char id="125" x="37" y="0" width="11" height="19" xoffset="-1" yoffset="0" xadvance="10" page="0" chnl="15" />
    <char id="126" x="211" y="43" width="12" height="4" xoffset="-1" yoffset="6" xadvance="11" page="0" chnl="15" />
    <char id="160" x="15" y="64" width="3" height="1" xoffset="-1" yoffset="19" xadvance="6" page="0" chnl="15" />
    <char id="161" x="160" y="31" width="5" height="14" xoffset="0" yoffset="5" xadvance="5" page="0" chnl="15" />
    <char id="162" x="67" y="0" width="12" height="17" xoffset="-1" yoffset="1" xadvance="11" page="0" chnl="15" />
    <char id="163" x="139" y="0" width="11" height="15" xoffset="-1" yoffset="0" xadvance="10" page="0" chnl="15" />
    <char id="164" x="47" y="50" width="12" height="11" xoffset="-1" yoffset="2" xadvance="11" page="0" chnl="15" />
    <char id="165" x="126" y="0" width="12" height="15" xoffset="-1" yoffset="0" xadvance="11" page="0" chnl="15" />
    <char id="166" x="0" y="0" width="5" height="20" xoffset="0" yoffset="0" xadvance="5" page="0" chnl="15" />
    <char id="167" x="49" y="0" width="11" height="19" xoffset="0" yoffset="0" xadvance="11" page="0" chnl="15" />
    <char id="168" x="0" y="64" width="8" height="3" xoffset="-1" yoffset="0" xadvance="8" page="0" chnl="15" />
    <char id="169" x="90" y="0" width="17" height="16" xoffset="-1" yoffset="1" xadvance="16" page="0" chnl="15" />
  </chars>
</font>
