{
	"textures": [
		{
			"image": "assets.png",
			"format": "RGBA8888",
			"size": {
				"w": 512,
				"h": 484
			},
			"scale": 1,
			"frames": [
				{
					"filename": "spr_bck_shopMenu",
					"rotated": false,
					"trimmed": false,
					"sourceSize": {
						"w": 292,
						"h": 165
					},
					"spriteSourceSize": {
						"x": 0,
						"y": 0,
						"w": 292,
						"h": 165
					},
					"frame": {
						"x": 2,
						"y": 2,
						"w": 292,
						"h": 165
					},
					"anchor": {
						"x": 0.5,
						"y": 0.5
					}
				},
				{
					"filename": "spr_bck_improvementMenu",
					"rotated": false,
					"trimmed": false,
					"sourceSize": {
						"w": 246,
						"h": 133
					},
					"spriteSourceSize": {
						"x": 0,
						"y": 0,
						"w": 246,
						"h": 133
					},
					"frame": {
						"x": 2,
						"y": 171,
						"w": 246,
						"h": 133
					},
					"anchor": {
						"x": 0.5,
						"y": 0.5
					}
				},
				{
					"filename": "spr_bck_improvementDescription",
					"rotated": false,
					"trimmed": false,
					"sourceSize": {
						"w": 106,
						"h": 101
					},
					"spriteSourceSize": {
						"x": 0,
						"y": 0,
						"w": 106,
						"h": 101
					},
					"frame": {
						"x": 298,
						"y": 2,
						"w": 106,
						"h": 101
					},
					"anchor": {
						"x": 0.5,
						"y": 0.5
					}
				},
				{
					"filename": "spr_bg_pot",
					"rotated": false,
					"trimmed": false,
					"sourceSize": {
						"w": 99,
						"h": 76
					},
					"spriteSourceSize": {
						"x": 0,
						"y": 0,
						"w": 99,
						"h": 76
					},
					"frame": {
						"x": 2,
						"y": 308,
						"w": 99,
						"h": 76
					},
					"anchor": {
						"x": 0.5,
						"y": 0.5
					}
				},
				{
					"filename": "spr_griddle",
					"rotated": false,
					"trimmed": false,
					"sourceSize": {
						"w": 109,
						"h": 58
					},
					"spriteSourceSize": {
						"x": 0,
						"y": 0,
						"w": 109,
						"h": 58
					},
					"frame": {
						"x": 105,
						"y": 308,
						"w": 109,
						"h": 58
					},
					"anchor": {
						"x": 0.5,
						"y": 0.5
					}
				},
				{
					"filename": "spr_coffeeMachine_0",
					"rotated": false,
					"trimmed": false,
					"sourceSize": {
						"w": 89,
						"h": 77
					},
					"spriteSourceSize": {
						"x": 0,
						"y": 0,
						"w": 89,
						"h": 77
					},
					"frame": {
						"x": 408,
						"y": 2,
						"w": 89,
						"h": 77
					},
					"anchor": {
						"x": 0.5,
						"y": 0.5
					}
				},
				{
					"filename": "spr_coffeeMachine_1",
					"rotated": false,
					"trimmed": false,
					"sourceSize": {
						"w": 89,
						"h": 77
					},
					"spriteSourceSize": {
						"x": 0,
						"y": 0,
						"w": 89,
						"h": 77
					},
					"frame": {
						"x": 2,
						"y": 388,
						"w": 89,
						"h": 77
					},
					"anchor": {
						"x": 0.5,
						"y": 0.5
					}
				},
				{
					"filename": "spr_cristal_canciones",
					"rotated": false,
					"trimmed": false,
					"sourceSize": {
						"w": 100,
						"h": 13
					},
					"spriteSourceSize": {
						"x": 0,
						"y": 0,
						"w": 100,
						"h": 13
					},
					"frame": {
						"x": 2,
						"y": 469,
						"w": 100,
						"h": 13
					},
					"anchor": {
						"x": 0.5,
						"y": 0.5
					}
				},
				{
					"filename": "spr_coffeeMachine_2",
					"rotated": false,
					"trimmed": false,
					"sourceSize": {
						"w": 89,
						"h": 77
					},
					"spriteSourceSize": {
						"x": 0,
						"y": 0,
						"w": 89,
						"h": 77
					},
					"frame": {
						"x": 298,
						"y": 107,
						"w": 89,
						"h": 77
					},
					"anchor": {
						"x": 0.5,
						"y": 0.5
					}
				},
				{
					"filename": "spr_topping_posters",
					"rotated": false,
					"trimmed": false,
					"sourceSize": {
						"w": 118,
						"h": 33
					},
					"spriteSourceSize": {
						"x": 0,
						"y": 0,
						"w": 118,
						"h": 33
					},
					"frame": {
						"x": 105,
						"y": 370,
						"w": 118,
						"h": 33
					},
					"anchor": {
						"x": 0.5,
						"y": 0.5
					}
				},
				{
					"filename": "spr_coffeeMachine_3",
					"rotated": false,
					"trimmed": false,
					"sourceSize": {
						"w": 89,
						"h": 77
					},
					"spriteSourceSize": {
						"x": 0,
						"y": 0,
						"w": 89,
						"h": 77
					},
					"frame": {
						"x": 252,
						"y": 188,
						"w": 89,
						"h": 77
					},
					"anchor": {
						"x": 0.5,
						"y": 0.5
					}
				},
				{
					"filename": "main_title_button_play",
					"rotated": false,
					"trimmed": false,
					"sourceSize": {
						"w": 85,
						"h": 41
					},
					"spriteSourceSize": {
						"x": 0,
						"y": 0,
						"w": 85,
						"h": 41
					},
					"frame": {
						"x": 252,
						"y": 269,
						"w": 85,
						"h": 41
					},
					"anchor": {
						"x": 0.5,
						"y": 0.5
					}
				},
				{
					"filename": "spr_bck_mainMenu",
					"rotated": false,
					"trimmed": false,
					"sourceSize": {
						"w": 83,
						"h": 41
					},
					"spriteSourceSize": {
						"x": 0,
						"y": 0,
						"w": 83,
						"h": 41
					},
					"frame": {
						"x": 95,
						"y": 407,
						"w": 83,
						"h": 41
					},
					"anchor": {
						"x": 0.5,
						"y": 0.5
					}
				},
				{
					"filename": "spr_trashCan",
					"rotated": false,
					"trimmed": false,
					"sourceSize": {
						"w": 65,
						"h": 30
					},
					"spriteSourceSize": {
						"x": 0,
						"y": 0,
						"w": 65,
						"h": 30
					},
					"frame": {
						"x": 106,
						"y": 452,
						"w": 65,
						"h": 30
					},
					"anchor": {
						"x": 0.5,
						"y": 0.5
					}
				},
				{
					"filename": "spr_pantalla_canciones",
					"rotated": false,
					"trimmed": false,
					"sourceSize": {
						"w": 100,
						"h": 13
					},
					"spriteSourceSize": {
						"x": 0,
						"y": 0,
						"w": 100,
						"h": 13
					},
					"frame": {
						"x": 408,
						"y": 83,
						"w": 100,
						"h": 13
					},
					"anchor": {
						"x": 0.5,
						"y": 0.5
					}
				},
				{
					"filename": "spr_bck_subShopMenu",
					"rotated": false,
					"trimmed": false,
					"sourceSize": {
						"w": 74,
						"h": 43
					},
					"spriteSourceSize": {
						"x": 0,
						"y": 0,
						"w": 74,
						"h": 43
					},
					"frame": {
						"x": 345,
						"y": 188,
						"w": 74,
						"h": 43
					},
					"anchor": {
						"x": 0.5,
						"y": 0.5
					}
				},
				{
					"filename": "spr_bg_noodles",
					"rotated": false,
					"trimmed": false,
					"sourceSize": {
						"w": 75,
						"h": 34
					},
					"spriteSourceSize": {
						"x": 0,
						"y": 0,
						"w": 75,
						"h": 34
					},
					"frame": {
						"x": 345,
						"y": 235,
						"w": 75,
						"h": 34
					},
					"anchor": {
						"x": 0.5,
						"y": 0.5
					}
				},
				{
					"filename": "main_title_button_contact",
					"rotated": false,
					"trimmed": false,
					"sourceSize": {
						"w": 80,
						"h": 24
					},
					"spriteSourceSize": {
						"x": 0,
						"y": 0,
						"w": 80,
						"h": 24
					},
					"frame": {
						"x": 341,
						"y": 273,
						"w": 80,
						"h": 24
					},
					"anchor": {
						"x": 0.5,
						"y": 0.5
					}
				},
				{
					"filename": "spr_tablecloth_2",
					"rotated": false,
					"trimmed": false,
					"sourceSize": {
						"w": 76,
						"h": 26
					},
					"spriteSourceSize": {
						"x": 0,
						"y": 0,
						"w": 76,
						"h": 26
					},
					"frame": {
						"x": 341,
						"y": 301,
						"w": 76,
						"h": 26
					},
					"anchor": {
						"x": 0.5,
						"y": 0.5
					}
				},
				{
					"filename": "spr_radio_zoomed_vol_song",
					"rotated": false,
					"trimmed": false,
					"sourceSize": {
						"w": 40,
						"h": 39
					},
					"spriteSourceSize": {
						"x": 0,
						"y": 0,
						"w": 40,
						"h": 39
					},
					"frame": {
						"x": 182,
						"y": 407,
						"w": 40,
						"h": 39
					},
					"anchor": {
						"x": 0.5,
						"y": 0.5
					}
				},
				{
					"filename": "spr_ui_slider",
					"rotated": false,
					"trimmed": false,
					"sourceSize": {
						"w": 75,
						"h": 13
					},
					"spriteSourceSize": {
						"x": 0,
						"y": 0,
						"w": 75,
						"h": 13
					},
					"frame": {
						"x": 408,
						"y": 100,
						"w": 75,
						"h": 13
					},
					"anchor": {
						"x": 0.5,
						"y": 0.5
					}
				},
				{
					"filename": "spr_tablecloth_3",
					"rotated": false,
					"trimmed": false,
					"sourceSize": {
						"w": 67,
						"h": 26
					},
					"spriteSourceSize": {
						"x": 0,
						"y": 0,
						"w": 67,
						"h": 26
					},
					"frame": {
						"x": 391,
						"y": 117,
						"w": 67,
						"h": 26
					},
					"anchor": {
						"x": 0.5,
						"y": 0.5
					}
				},
				{
					"filename": "spr_strainer_0",
					"rotated": false,
					"trimmed": false,
					"sourceSize": {
						"w": 35,
						"h": 37
					},
					"spriteSourceSize": {
						"x": 0,
						"y": 0,
						"w": 35,
						"h": 37
					},
					"frame": {
						"x": 391,
						"y": 147,
						"w": 35,
						"h": 37
					},
					"anchor": {
						"x": 0.5,
						"y": 0.5
					}
				},
				{
					"filename": "spr_strainer_3",
					"rotated": false,
					"trimmed": false,
					"sourceSize": {
						"w": 22,
						"h": 51
					},
					"spriteSourceSize": {
						"x": 0,
						"y": 0,
						"w": 22,
						"h": 51
					},
					"frame": {
						"x": 218,
						"y": 308,
						"w": 22,
						"h": 51
					},
					"anchor": {
						"x": 0.5,
						"y": 0.5
					}
				},
				{
					"filename": "spr_tablecloth_0",
					"rotated": false,
					"trimmed": false,
					"sourceSize": {
						"w": 64,
						"h": 22
					},
					"spriteSourceSize": {
						"x": 0,
						"y": 0,
						"w": 64,
						"h": 22
					},
					"frame": {
						"x": 244,
						"y": 314,
						"w": 64,
						"h": 22
					},
					"anchor": {
						"x": 0.5,
						"y": 0.5
					}
				},
				{
					"filename": "spr_buttomMenu",
					"rotated": false,
					"trimmed": false,
					"sourceSize": {
						"w": 56,
						"h": 18
					},
					"spriteSourceSize": {
						"x": 0,
						"y": 0,
						"w": 56,
						"h": 18
					},
					"frame": {
						"x": 244,
						"y": 340,
						"w": 56,
						"h": 18
					},
					"anchor": {
						"x": 0.5,
						"y": 0.5
					}
				},
				{
					"filename": "spr_bg_topping_mushroom",
					"rotated": false,
					"trimmed": false,
					"sourceSize": {
						"w": 35,
						"h": 32
					},
					"spriteSourceSize": {
						"x": 0,
						"y": 0,
						"w": 35,
						"h": 32
					},
					"frame": {
						"x": 182,
						"y": 450,
						"w": 35,
						"h": 32
					},
					"anchor": {
						"x": 0.5,
						"y": 0.5
					}
				},
				{
					"filename": "spr_radio",
					"rotated": false,
					"trimmed": false,
					"sourceSize": {
						"w": 40,
						"h": 38
					},
					"spriteSourceSize": {
						"x": 0,
						"y": 0,
						"w": 40,
						"h": 38
					},
					"frame": {
						"x": 430,
						"y": 147,
						"w": 40,
						"h": 38
					},
					"anchor": {
						"x": 0.5,
						"y": 0.5
					}
				},
				{
					"filename": "spr_bg_sauce_shoyu",
					"rotated": false,
					"trimmed": false,
					"sourceSize": {
						"w": 45,
						"h": 34
					},
					"spriteSourceSize": {
						"x": 0,
						"y": 0,
						"w": 45,
						"h": 34
					},
					"frame": {
						"x": 423,
						"y": 189,
						"w": 45,
						"h": 34
					},
					"anchor": {
						"x": 0.5,
						"y": 0.5
					}
				},
				{
					"filename": "spr_bg_sauce_shio",
					"rotated": false,
					"trimmed": false,
					"sourceSize": {
						"w": 42,
						"h": 34
					},
					"spriteSourceSize": {
						"x": 0,
						"y": 0,
						"w": 42,
						"h": 34
					},
					"frame": {
						"x": 424,
						"y": 227,
						"w": 42,
						"h": 34
					},
					"anchor": {
						"x": 0.5,
						"y": 0.5
					}
				},
				{
					"filename": "spr_bg_sauce_kimuchi",
					"rotated": false,
					"trimmed": false,
					"sourceSize": {
						"w": 40,
						"h": 34
					},
					"spriteSourceSize": {
						"x": 0,
						"y": 0,
						"w": 40,
						"h": 34
					},
					"frame": {
						"x": 470,
						"y": 227,
						"w": 40,
						"h": 34
					},
					"anchor": {
						"x": 0.5,
						"y": 0.5
					}
				},
				{
					"filename": "spr_tablecloth_1",
					"rotated": false,
					"trimmed": false,
					"sourceSize": {
						"w": 55,
						"h": 22
					},
					"spriteSourceSize": {
						"x": 0,
						"y": 0,
						"w": 55,
						"h": 22
					},
					"frame": {
						"x": 425,
						"y": 265,
						"w": 55,
						"h": 22
					},
					"anchor": {
						"x": 0.5,
						"y": 0.5
					}
				},
				{
					"filename": "spr_topping_lacasitos",
					"rotated": false,
					"trimmed": false,
					"sourceSize": {
						"w": 26,
						"h": 18
					},
					"spriteSourceSize": {
						"x": 0,
						"y": 0,
						"w": 26,
						"h": 18
					},
					"frame": {
						"x": 484,
						"y": 265,
						"w": 26,
						"h": 18
					},
					"anchor": {
						"x": 0.5,
						"y": 0.5
					}
				},
				{
					"filename": "spr_strainer_2",
					"rotated": false,
					"trimmed": false,
					"sourceSize": {
						"w": 25,
						"h": 45
					},
					"spriteSourceSize": {
						"x": 0,
						"y": 0,
						"w": 25,
						"h": 45
					},
					"frame": {
						"x": 312,
						"y": 314,
						"w": 25,
						"h": 45
					},
					"anchor": {
						"x": 0.5,
						"y": 0.5
					}
				},
				{
					"filename": "spr_dishes",
					"rotated": false,
					"trimmed": false,
					"sourceSize": {
						"w": 50,
						"h": 24
					},
					"spriteSourceSize": {
						"x": 0,
						"y": 0,
						"w": 50,
						"h": 24
					},
					"frame": {
						"x": 341,
						"y": 331,
						"w": 50,
						"h": 24
					},
					"anchor": {
						"x": 0.5,
						"y": 0.5
					}
				},
				{
					"filename": "spr_button_babyUI",
					"rotated": false,
					"trimmed": false,
					"sourceSize": {
						"w": 57,
						"h": 13
					},
					"spriteSourceSize": {
						"x": 0,
						"y": 0,
						"w": 57,
						"h": 13
					},
					"frame": {
						"x": 425,
						"y": 291,
						"w": 57,
						"h": 13
					},
					"anchor": {
						"x": 0.5,
						"y": 0.5
					}
				},
				{
					"filename": "spr_ui_volumen",
					"rotated": false,
					"trimmed": false,
					"sourceSize": {
						"w": 61,
						"h": 9
					},
					"spriteSourceSize": {
						"x": 0,
						"y": 0,
						"w": 61,
						"h": 9
					},
					"frame": {
						"x": 421,
						"y": 308,
						"w": 61,
						"h": 9
					},
					"anchor": {
						"x": 0.5,
						"y": 0.5
					}
				},
				{
					"filename": "spr_borde_pantalla",
					"rotated": false,
					"trimmed": false,
					"sourceSize": {
						"w": 52,
						"h": 8
					},
					"spriteSourceSize": {
						"x": 0,
						"y": 0,
						"w": 52,
						"h": 8
					},
					"frame": {
						"x": 421,
						"y": 321,
						"w": 52,
						"h": 8
					},
					"anchor": {
						"x": 0.5,
						"y": 0.5
					}
				},
				{
					"filename": "spr_topping_coconut",
					"rotated": false,
					"trimmed": false,
					"sourceSize": {
						"w": 24,
						"h": 16
					},
					"spriteSourceSize": {
						"x": 0,
						"y": 0,
						"w": 24,
						"h": 16
					},
					"frame": {
						"x": 486,
						"y": 287,
						"w": 24,
						"h": 16
					},
					"anchor": {
						"x": 0.5,
						"y": 0.5
					}
				},
				{
					"filename": "spr_pancake_cooking",
					"rotated": false,
					"trimmed": false,
					"sourceSize": {
						"w": 19,
						"h": 13
					},
					"spriteSourceSize": {
						"x": 0,
						"y": 0,
						"w": 19,
						"h": 13
					},
					"frame": {
						"x": 252,
						"y": 171,
						"w": 19,
						"h": 13
					},
					"anchor": {
						"x": 0.5,
						"y": 0.5
					}
				},
				{
					"filename": "spr_ui_icon_shop",
					"rotated": false,
					"trimmed": false,
					"sourceSize": {
						"w": 17,
						"h": 13
					},
					"spriteSourceSize": {
						"x": 0,
						"y": 0,
						"w": 17,
						"h": 13
					},
					"frame": {
						"x": 275,
						"y": 171,
						"w": 17,
						"h": 13
					},
					"anchor": {
						"x": 0.5,
						"y": 0.5
					}
				},
				{
					"filename": "spr_cristal_volumen_cancion",
					"rotated": false,
					"trimmed": false,
					"sourceSize": {
						"w": 52,
						"h": 8
					},
					"spriteSourceSize": {
						"x": 0,
						"y": 0,
						"w": 52,
						"h": 8
					},
					"frame": {
						"x": 341,
						"y": 359,
						"w": 52,
						"h": 8
					},
					"anchor": {
						"x": 0.5,
						"y": 0.5
					}
				},
				{
					"filename": "spr_pantalla_volumen_cancion",
					"rotated": false,
					"trimmed": false,
					"sourceSize": {
						"w": 52,
						"h": 8
					},
					"spriteSourceSize": {
						"x": 0,
						"y": 0,
						"w": 52,
						"h": 8
					},
					"frame": {
						"x": 244,
						"y": 362,
						"w": 52,
						"h": 8
					},
					"anchor": {
						"x": 0.5,
						"y": 0.5
					}
				},
				{
					"filename": "spr_bg_topping_springonion",
					"rotated": false,
					"trimmed": false,
					"sourceSize": {
						"w": 47,
						"h": 25
					},
					"spriteSourceSize": {
						"x": 0,
						"y": 0,
						"w": 47,
						"h": 25
					},
					"frame": {
						"x": 227,
						"y": 374,
						"w": 47,
						"h": 25
					},
					"anchor": {
						"x": 0.5,
						"y": 0.5
					}
				},
				{
					"filename": "spr_bg_topping_egg",
					"rotated": false,
					"trimmed": false,
					"sourceSize": {
						"w": 47,
						"h": 22
					},
					"spriteSourceSize": {
						"x": 0,
						"y": 0,
						"w": 47,
						"h": 22
					},
					"frame": {
						"x": 227,
						"y": 403,
						"w": 47,
						"h": 22
					},
					"anchor": {
						"x": 0.5,
						"y": 0.5
					}
				},
				{
					"filename": "spr_bg_sauce_miso",
					"rotated": false,
					"trimmed": false,
					"sourceSize": {
						"w": 40,
						"h": 34
					},
					"spriteSourceSize": {
						"x": 0,
						"y": 0,
						"w": 40,
						"h": 34
					},
					"frame": {
						"x": 226,
						"y": 429,
						"w": 40,
						"h": 34
					},
					"anchor": {
						"x": 0.5,
						"y": 0.5
					}
				},
				{
					"filename": "spr_strainer_1",
					"rotated": false,
					"trimmed": false,
					"sourceSize": {
						"w": 32,
						"h": 36
					},
					"spriteSourceSize": {
						"x": 0,
						"y": 0,
						"w": 32,
						"h": 36
					},
					"frame": {
						"x": 278,
						"y": 374,
						"w": 32,
						"h": 36
					},
					"anchor": {
						"x": 0.5,
						"y": 0.5
					}
				},
				{
					"filename": "spr_ui_chefLvl",
					"rotated": false,
					"trimmed": false,
					"sourceSize": {
						"w": 16,
						"h": 15
					},
					"spriteSourceSize": {
						"x": 0,
						"y": 0,
						"w": 16,
						"h": 15
					},
					"frame": {
						"x": 221,
						"y": 467,
						"w": 16,
						"h": 15
					},
					"anchor": {
						"x": 0.5,
						"y": 0.5
					}
				},
				{
					"filename": "spr_ui_icon_coin",
					"rotated": false,
					"trimmed": false,
					"sourceSize": {
						"w": 15,
						"h": 15
					},
					"spriteSourceSize": {
						"x": 0,
						"y": 0,
						"w": 15,
						"h": 15
					},
					"frame": {
						"x": 241,
						"y": 467,
						"w": 15,
						"h": 15
					},
					"anchor": {
						"x": 0.5,
						"y": 0.5
					}
				},
				{
					"filename": "spr_noodles_burnt",
					"rotated": false,
					"trimmed": false,
					"sourceSize": {
						"w": 29,
						"h": 24
					},
					"spriteSourceSize": {
						"x": 0,
						"y": 0,
						"w": 29,
						"h": 24
					},
					"frame": {
						"x": 462,
						"y": 117,
						"w": 29,
						"h": 24
					},
					"anchor": {
						"x": 0.5,
						"y": 0.5
					}
				},
				{
					"filename": "spr_bowl",
					"rotated": false,
					"trimmed": false,
					"sourceSize": {
						"w": 36,
						"h": 27
					},
					"spriteSourceSize": {
						"x": 0,
						"y": 0,
						"w": 36,
						"h": 27
					},
					"frame": {
						"x": 474,
						"y": 145,
						"w": 36,
						"h": 27
					},
					"anchor": {
						"x": 0.5,
						"y": 0.5
					}
				},
				{
					"filename": "spr_noodles",
					"rotated": false,
					"trimmed": false,
					"sourceSize": {
						"w": 36,
						"h": 27
					},
					"spriteSourceSize": {
						"x": 0,
						"y": 0,
						"w": 36,
						"h": 27
					},
					"frame": {
						"x": 474,
						"y": 176,
						"w": 36,
						"h": 27
					},
					"anchor": {
						"x": 0.5,
						"y": 0.5
					}
				},
				{
					"filename": "spr_topping_banana",
					"rotated": false,
					"trimmed": false,
					"sourceSize": {
						"w": 25,
						"h": 16
					},
					"spriteSourceSize": {
						"x": 0,
						"y": 0,
						"w": 25,
						"h": 16
					},
					"frame": {
						"x": 472,
						"y": 207,
						"w": 25,
						"h": 16
					},
					"anchor": {
						"x": 0.5,
						"y": 0.5
					}
				},
				{
					"filename": "spr_ui_scrollBar_bckg",
					"rotated": false,
					"trimmed": false,
					"sourceSize": {
						"w": 5,
						"h": 39
					},
					"spriteSourceSize": {
						"x": 0,
						"y": 0,
						"w": 5,
						"h": 39
					},
					"frame": {
						"x": 501,
						"y": 2,
						"w": 5,
						"h": 39
					},
					"anchor": {
						"x": 0.5,
						"y": 0.5
					}
				},
				{
					"filename": "spr_bg_topping_naruto",
					"rotated": false,
					"trimmed": false,
					"sourceSize": {
						"w": 39,
						"h": 22
					},
					"spriteSourceSize": {
						"x": 0,
						"y": 0,
						"w": 39,
						"h": 22
					},
					"frame": {
						"x": 278,
						"y": 414,
						"w": 39,
						"h": 22
					},
					"anchor": {
						"x": 0.5,
						"y": 0.5
					}
				},
				{
					"filename": "spr_griddle_2",
					"rotated": false,
					"trimmed": false,
					"sourceSize": {
						"w": 37,
						"h": 23
					},
					"spriteSourceSize": {
						"x": 0,
						"y": 0,
						"w": 37,
						"h": 23
					},
					"frame": {
						"x": 270,
						"y": 440,
						"w": 37,
						"h": 23
					},
					"anchor": {
						"x": 0.5,
						"y": 0.5
					}
				},
				{
					"filename": "spr_ui_icon_reload",
					"rotated": false,
					"trimmed": false,
					"sourceSize": {
						"w": 15,
						"h": 15
					},
					"spriteSourceSize": {
						"x": 0,
						"y": 0,
						"w": 15,
						"h": 15
					},
					"frame": {
						"x": 260,
						"y": 467,
						"w": 15,
						"h": 15
					},
					"anchor": {
						"x": 0.5,
						"y": 0.5
					}
				},
				{
					"filename": "spr_ui_settings",
					"rotated": false,
					"trimmed": false,
					"sourceSize": {
						"w": 15,
						"h": 15
					},
					"spriteSourceSize": {
						"x": 0,
						"y": 0,
						"w": 15,
						"h": 15
					},
					"frame": {
						"x": 279,
						"y": 467,
						"w": 15,
						"h": 15
					},
					"anchor": {
						"x": 0.5,
						"y": 0.5
					}
				},
				{
					"filename": "spr_ui_icon_volume",
					"rotated": false,
					"trimmed": false,
					"sourceSize": {
						"w": 22,
						"h": 17
					},
					"spriteSourceSize": {
						"x": 0,
						"y": 0,
						"w": 22,
						"h": 17
					},
					"frame": {
						"x": 395,
						"y": 331,
						"w": 22,
						"h": 17
					},
					"anchor": {
						"x": 0.5,
						"y": 0.5
					}
				},
				{
					"filename": "spr_dish",
					"rotated": false,
					"trimmed": false,
					"sourceSize": {
						"w": 41,
						"h": 16
					},
					"spriteSourceSize": {
						"x": 0,
						"y": 0,
						"w": 41,
						"h": 16
					},
					"frame": {
						"x": 421,
						"y": 333,
						"w": 41,
						"h": 16
					},
					"anchor": {
						"x": 0.5,
						"y": 0.5
					}
				},
				{
					"filename": "spr_ui_slider2",
					"rotated": false,
					"trimmed": false,
					"sourceSize": {
						"w": 6,
						"h": 13
					},
					"spriteSourceSize": {
						"x": 0,
						"y": 0,
						"w": 6,
						"h": 13
					},
					"frame": {
						"x": 95,
						"y": 388,
						"w": 6,
						"h": 13
					},
					"anchor": {
						"x": 0.5,
						"y": 0.5
					}
				},
				{
					"filename": "spr_ui_icon_happy",
					"rotated": false,
					"trimmed": false,
					"sourceSize": {
						"w": 13,
						"h": 13
					},
					"spriteSourceSize": {
						"x": 0,
						"y": 0,
						"w": 13,
						"h": 13
					},
					"frame": {
						"x": 487,
						"y": 100,
						"w": 13,
						"h": 13
					},
					"anchor": {
						"x": 0.5,
						"y": 0.5
					}
				},
				{
					"filename": "spr_sauce_kimuchi",
					"rotated": false,
					"trimmed": false,
					"sourceSize": {
						"w": 36,
						"h": 27
					},
					"spriteSourceSize": {
						"x": 0,
						"y": 0,
						"w": 36,
						"h": 27
					},
					"frame": {
						"x": 314,
						"y": 371,
						"w": 36,
						"h": 27
					},
					"anchor": {
						"x": 0.5,
						"y": 0.5
					}
				},
				{
					"filename": "spr_sauce_miso",
					"rotated": false,
					"trimmed": false,
					"sourceSize": {
						"w": 36,
						"h": 27
					},
					"spriteSourceSize": {
						"x": 0,
						"y": 0,
						"w": 36,
						"h": 27
					},
					"frame": {
						"x": 354,
						"y": 371,
						"w": 36,
						"h": 27
					},
					"anchor": {
						"x": 0.5,
						"y": 0.5
					}
				},
				{
					"filename": "spr_sauce_shio",
					"rotated": false,
					"trimmed": false,
					"sourceSize": {
						"w": 36,
						"h": 27
					},
					"spriteSourceSize": {
						"x": 0,
						"y": 0,
						"w": 36,
						"h": 27
					},
					"frame": {
						"x": 321,
						"y": 402,
						"w": 36,
						"h": 27
					},
					"anchor": {
						"x": 0.5,
						"y": 0.5
					}
				},
				{
					"filename": "spr_sauce_shoyu",
					"rotated": false,
					"trimmed": false,
					"sourceSize": {
						"w": 36,
						"h": 27
					},
					"spriteSourceSize": {
						"x": 0,
						"y": 0,
						"w": 36,
						"h": 27
					},
					"frame": {
						"x": 361,
						"y": 402,
						"w": 36,
						"h": 27
					},
					"anchor": {
						"x": 0.5,
						"y": 0.5
					}
				},
				{
					"filename": "spr_pancake_0",
					"rotated": false,
					"trimmed": false,
					"sourceSize": {
						"w": 41,
						"h": 16
					},
					"spriteSourceSize": {
						"x": 0,
						"y": 0,
						"w": 41,
						"h": 16
					},
					"frame": {
						"x": 321,
						"y": 433,
						"w": 41,
						"h": 16
					},
					"anchor": {
						"x": 0.5,
						"y": 0.5
					}
				},
				{
					"filename": "spr_griddle_3",
					"rotated": false,
					"trimmed": false,
					"sourceSize": {
						"w": 37,
						"h": 23
					},
					"spriteSourceSize": {
						"x": 0,
						"y": 0,
						"w": 37,
						"h": 23
					},
					"frame": {
						"x": 366,
						"y": 433,
						"w": 37,
						"h": 23
					},
					"anchor": {
						"x": 0.5,
						"y": 0.5
					}
				},
				{
					"filename": "spr_pancake_1",
					"rotated": false,
					"trimmed": false,
					"sourceSize": {
						"w": 41,
						"h": 16
					},
					"spriteSourceSize": {
						"x": 0,
						"y": 0,
						"w": 41,
						"h": 16
					},
					"frame": {
						"x": 311,
						"y": 453,
						"w": 41,
						"h": 16
					},
					"anchor": {
						"x": 0.5,
						"y": 0.5
					}
				},
				{
					"filename": "spr_pancake_2",
					"rotated": false,
					"trimmed": false,
					"sourceSize": {
						"w": 41,
						"h": 16
					},
					"spriteSourceSize": {
						"x": 0,
						"y": 0,
						"w": 41,
						"h": 16
					},
					"frame": {
						"x": 356,
						"y": 460,
						"w": 41,
						"h": 16
					},
					"anchor": {
						"x": 0.5,
						"y": 0.5
					}
				},
				{
					"filename": "spr_glasses",
					"rotated": false,
					"trimmed": false,
					"sourceSize": {
						"w": 14,
						"h": 27
					},
					"spriteSourceSize": {
						"x": 0,
						"y": 0,
						"w": 14,
						"h": 27
					},
					"frame": {
						"x": 394,
						"y": 371,
						"w": 14,
						"h": 27
					},
					"anchor": {
						"x": 0.5,
						"y": 0.5
					}
				},
				{
					"filename": "spr_topping_egg",
					"rotated": false,
					"trimmed": false,
					"sourceSize": {
						"w": 36,
						"h": 27
					},
					"spriteSourceSize": {
						"x": 0,
						"y": 0,
						"w": 36,
						"h": 27
					},
					"frame": {
						"x": 401,
						"y": 402,
						"w": 36,
						"h": 27
					},
					"anchor": {
						"x": 0.5,
						"y": 0.5
					}
				},
				{
					"filename": "spr_topping_mushroom",
					"rotated": false,
					"trimmed": false,
					"sourceSize": {
						"w": 36,
						"h": 27
					},
					"spriteSourceSize": {
						"x": 0,
						"y": 0,
						"w": 36,
						"h": 27
					},
					"frame": {
						"x": 407,
						"y": 433,
						"w": 36,
						"h": 27
					},
					"anchor": {
						"x": 0.5,
						"y": 0.5
					}
				},
				{
					"filename": "spr_griddle_0",
					"rotated": false,
					"trimmed": false,
					"sourceSize": {
						"w": 30,
						"h": 18
					},
					"spriteSourceSize": {
						"x": 0,
						"y": 0,
						"w": 30,
						"h": 18
					},
					"frame": {
						"x": 401,
						"y": 464,
						"w": 30,
						"h": 18
					},
					"anchor": {
						"x": 0.5,
						"y": 0.5
					}
				},
				{
					"filename": "spr_griddle_1",
					"rotated": false,
					"trimmed": false,
					"sourceSize": {
						"w": 30,
						"h": 18
					},
					"spriteSourceSize": {
						"x": 0,
						"y": 0,
						"w": 30,
						"h": 18
					},
					"frame": {
						"x": 435,
						"y": 464,
						"w": 30,
						"h": 18
					},
					"anchor": {
						"x": 0.5,
						"y": 0.5
					}
				},
				{
					"filename": "spr_topping_naruto",
					"rotated": false,
					"trimmed": false,
					"sourceSize": {
						"w": 36,
						"h": 27
					},
					"spriteSourceSize": {
						"x": 0,
						"y": 0,
						"w": 36,
						"h": 27
					},
					"frame": {
						"x": 412,
						"y": 353,
						"w": 36,
						"h": 27
					},
					"anchor": {
						"x": 0.5,
						"y": 0.5
					}
				},
				{
					"filename": "spr_espaniol",
					"rotated": false,
					"trimmed": false,
					"sourceSize": {
						"w": 16,
						"h": 14
					},
					"spriteSourceSize": {
						"x": 0,
						"y": 0,
						"w": 16,
						"h": 14
					},
					"frame": {
						"x": 412,
						"y": 384,
						"w": 16,
						"h": 14
					},
					"anchor": {
						"x": 0.5,
						"y": 0.5
					}
				},
				{
					"filename": "spr_ingles",
					"rotated": false,
					"trimmed": false,
					"sourceSize": {
						"w": 16,
						"h": 14
					},
					"spriteSourceSize": {
						"x": 0,
						"y": 0,
						"w": 16,
						"h": 14
					},
					"frame": {
						"x": 432,
						"y": 384,
						"w": 16,
						"h": 14
					},
					"anchor": {
						"x": 0.5,
						"y": 0.5
					}
				},
				{
					"filename": "spr_topping_springonion",
					"rotated": false,
					"trimmed": false,
					"sourceSize": {
						"w": 36,
						"h": 27
					},
					"spriteSourceSize": {
						"x": 0,
						"y": 0,
						"w": 36,
						"h": 27
					},
					"frame": {
						"x": 441,
						"y": 402,
						"w": 36,
						"h": 27
					},
					"anchor": {
						"x": 0.5,
						"y": 0.5
					}
				},
				{
					"filename": "spr_noodles_cooked",
					"rotated": false,
					"trimmed": false,
					"sourceSize": {
						"w": 29,
						"h": 24
					},
					"spriteSourceSize": {
						"x": 0,
						"y": 0,
						"w": 29,
						"h": 24
					},
					"frame": {
						"x": 447,
						"y": 433,
						"w": 29,
						"h": 24
					},
					"anchor": {
						"x": 0.5,
						"y": 0.5
					}
				},
				{
					"filename": "spr_glass_empty",
					"rotated": false,
					"trimmed": false,
					"sourceSize": {
						"w": 13,
						"h": 21
					},
					"spriteSourceSize": {
						"x": 0,
						"y": 0,
						"w": 13,
						"h": 21
					},
					"frame": {
						"x": 469,
						"y": 461,
						"w": 13,
						"h": 21
					},
					"anchor": {
						"x": 0.5,
						"y": 0.5
					}
				},
				{
					"filename": "spr_syrup_caramel",
					"rotated": false,
					"trimmed": false,
					"sourceSize": {
						"w": 12,
						"h": 29
					},
					"spriteSourceSize": {
						"x": 0,
						"y": 0,
						"w": 12,
						"h": 29
					},
					"frame": {
						"x": 452,
						"y": 353,
						"w": 12,
						"h": 29
					},
					"anchor": {
						"x": 0.5,
						"y": 0.5
					}
				},
				{
					"filename": "spr_pancake_burnt",
					"rotated": false,
					"trimmed": false,
					"sourceSize": {
						"w": 19,
						"h": 12
					},
					"spriteSourceSize": {
						"x": 0,
						"y": 0,
						"w": 19,
						"h": 12
					},
					"frame": {
						"x": 452,
						"y": 386,
						"w": 19,
						"h": 12
					},
					"anchor": {
						"x": 0.5,
						"y": 0.5
					}
				},
				{
					"filename": "spr_ui_icon_gem",
					"rotated": false,
					"trimmed": false,
					"sourceSize": {
						"w": 15,
						"h": 11
					},
					"spriteSourceSize": {
						"x": 0,
						"y": 0,
						"w": 15,
						"h": 11
					},
					"frame": {
						"x": 495,
						"y": 117,
						"w": 15,
						"h": 11
					},
					"anchor": {
						"x": 0.5,
						"y": 0.5
					}
				},
				{
					"filename": "spr_back",
					"rotated": false,
					"trimmed": false,
					"sourceSize": {
						"w": 11,
						"h": 9
					},
					"spriteSourceSize": {
						"x": 0,
						"y": 0,
						"w": 11,
						"h": 9
					},
					"frame": {
						"x": 495,
						"y": 132,
						"w": 11,
						"h": 9
					},
					"anchor": {
						"x": 0.5,
						"y": 0.5
					}
				},
				{
					"filename": "spr_porcentaje_volumen_pantalla_juego",
					"rotated": false,
					"trimmed": false,
					"sourceSize": {
						"w": 3,
						"h": 8
					},
					"spriteSourceSize": {
						"x": 0,
						"y": 0,
						"w": 3,
						"h": 8
					},
					"frame": {
						"x": 314,
						"y": 402,
						"w": 3,
						"h": 8
					},
					"anchor": {
						"x": 0.5,
						"y": 0.5
					}
				},
				{
					"filename": "spr_pancake_cooked",
					"rotated": false,
					"trimmed": false,
					"sourceSize": {
						"w": 19,
						"h": 12
					},
					"spriteSourceSize": {
						"x": 0,
						"y": 0,
						"w": 19,
						"h": 12
					},
					"frame": {
						"x": 486,
						"y": 307,
						"w": 19,
						"h": 12
					},
					"anchor": {
						"x": 0.5,
						"y": 0.5
					}
				},
				{
					"filename": "spr_topping_strawberry",
					"rotated": false,
					"trimmed": false,
					"sourceSize": {
						"w": 27,
						"h": 19
					},
					"spriteSourceSize": {
						"x": 0,
						"y": 0,
						"w": 27,
						"h": 19
					},
					"frame": {
						"x": 477,
						"y": 323,
						"w": 27,
						"h": 19
					},
					"anchor": {
						"x": 0.5,
						"y": 0.5
					}
				},
				{
					"filename": "spr_syrup_strawberry",
					"rotated": false,
					"trimmed": false,
					"sourceSize": {
						"w": 13,
						"h": 29
					},
					"spriteSourceSize": {
						"x": 0,
						"y": 0,
						"w": 13,
						"h": 29
					},
					"frame": {
						"x": 468,
						"y": 346,
						"w": 13,
						"h": 29
					},
					"anchor": {
						"x": 0.5,
						"y": 0.5
					}
				},
				{
					"filename": "spr_syrup_chocolate",
					"rotated": false,
					"trimmed": false,
					"sourceSize": {
						"w": 12,
						"h": 29
					},
					"spriteSourceSize": {
						"x": 0,
						"y": 0,
						"w": 12,
						"h": 29
					},
					"frame": {
						"x": 485,
						"y": 346,
						"w": 12,
						"h": 29
					},
					"anchor": {
						"x": 0.5,
						"y": 0.5
					}
				},
				{
					"filename": "spr_ui_scrollBar",
					"rotated": false,
					"trimmed": false,
					"sourceSize": {
						"w": 5,
						"h": 19
					},
					"spriteSourceSize": {
						"x": 0,
						"y": 0,
						"w": 5,
						"h": 19
					},
					"frame": {
						"x": 501,
						"y": 45,
						"w": 5,
						"h": 19
					},
					"anchor": {
						"x": 0.5,
						"y": 0.5
					}
				},
				{
					"filename": "spr_language_english",
					"rotated": false,
					"trimmed": false,
					"sourceSize": {
						"w": 16,
						"h": 14
					},
					"spriteSourceSize": {
						"x": 0,
						"y": 0,
						"w": 16,
						"h": 14
					},
					"frame": {
						"x": 475,
						"y": 379,
						"w": 16,
						"h": 14
					},
					"anchor": {
						"x": 0.5,
						"y": 0.5
					}
				},
				{
					"filename": "spr_glass_filled",
					"rotated": false,
					"trimmed": false,
					"sourceSize": {
						"w": 13,
						"h": 21
					},
					"spriteSourceSize": {
						"x": 0,
						"y": 0,
						"w": 13,
						"h": 21
					},
					"frame": {
						"x": 481,
						"y": 397,
						"w": 13,
						"h": 21
					},
					"anchor": {
						"x": 0.5,
						"y": 0.5
					}
				},
				{
					"filename": "spr_pancake_banana",
					"rotated": false,
					"trimmed": false,
					"sourceSize": {
						"w": 9,
						"h": 5
					},
					"spriteSourceSize": {
						"x": 0,
						"y": 0,
						"w": 9,
						"h": 5
					},
					"frame": {
						"x": 501,
						"y": 207,
						"w": 9,
						"h": 5
					},
					"anchor": {
						"x": 0.5,
						"y": 0.5
					}
				},
				{
					"filename": "spr_porcentaje_volumen_pantalla_juego_2",
					"rotated": false,
					"trimmed": false,
					"sourceSize": {
						"w": 3,
						"h": 7
					},
					"spriteSourceSize": {
						"x": 0,
						"y": 0,
						"w": 3,
						"h": 7
					},
					"frame": {
						"x": 175,
						"y": 452,
						"w": 3,
						"h": 7
					},
					"anchor": {
						"x": 0.5,
						"y": 0.5
					}
				},
				{
					"filename": "spr_ui_arrow",
					"rotated": false,
					"trimmed": false,
					"sourceSize": {
						"w": 8,
						"h": 13
					},
					"spriteSourceSize": {
						"x": 0,
						"y": 0,
						"w": 8,
						"h": 13
					},
					"frame": {
						"x": 298,
						"y": 467,
						"w": 8,
						"h": 13
					},
					"anchor": {
						"x": 0.5,
						"y": 0.5
					}
				},
				{
					"filename": "spr_pancake_lacasitos",
					"rotated": false,
					"trimmed": false,
					"sourceSize": {
						"w": 18,
						"h": 7
					},
					"spriteSourceSize": {
						"x": 0,
						"y": 0,
						"w": 18,
						"h": 7
					},
					"frame": {
						"x": 310,
						"y": 473,
						"w": 18,
						"h": 7
					},
					"anchor": {
						"x": 0.5,
						"y": 0.5
					}
				},
				{
					"filename": "spr_arrow_improvementMenu",
					"rotated": false,
					"trimmed": false,
					"sourceSize": {
						"w": 13,
						"h": 8
					},
					"spriteSourceSize": {
						"x": 0,
						"y": 0,
						"w": 13,
						"h": 8
					},
					"frame": {
						"x": 481,
						"y": 422,
						"w": 13,
						"h": 8
					},
					"anchor": {
						"x": 0.5,
						"y": 0.5
					}
				},
				{
					"filename": "spr_ui_icon_no_volumen",
					"rotated": false,
					"trimmed": false,
					"sourceSize": {
						"w": 13,
						"h": 17
					},
					"spriteSourceSize": {
						"x": 0,
						"y": 0,
						"w": 13,
						"h": 17
					},
					"frame": {
						"x": 480,
						"y": 434,
						"w": 13,
						"h": 17
					},
					"anchor": {
						"x": 0.5,
						"y": 0.5
					}
				},
				{
					"filename": "spr_ui_icon_meh",
					"rotated": false,
					"trimmed": false,
					"sourceSize": {
						"w": 13,
						"h": 13
					},
					"spriteSourceSize": {
						"x": 0,
						"y": 0,
						"w": 13,
						"h": 13
					},
					"frame": {
						"x": 497,
						"y": 434,
						"w": 13,
						"h": 13
					},
					"anchor": {
						"x": 0.5,
						"y": 0.5
					}
				},
				{
					"filename": "spr_ui_icon_sad",
					"rotated": false,
					"trimmed": false,
					"sourceSize": {
						"w": 13,
						"h": 13
					},
					"spriteSourceSize": {
						"x": 0,
						"y": 0,
						"w": 13,
						"h": 13
					},
					"frame": {
						"x": 497,
						"y": 451,
						"w": 13,
						"h": 13
					},
					"anchor": {
						"x": 0.5,
						"y": 0.5
					}
				},
				{
					"filename": "spr_language_spanish",
					"rotated": false,
					"trimmed": false,
					"sourceSize": {
						"w": 16,
						"h": 14
					},
					"spriteSourceSize": {
						"x": 0,
						"y": 0,
						"w": 16,
						"h": 14
					},
					"frame": {
						"x": 486,
						"y": 468,
						"w": 16,
						"h": 14
					},
					"anchor": {
						"x": 0.5,
						"y": 0.5
					}
				},
				{
					"filename": "spr_porcentaje_volumen",
					"rotated": false,
					"trimmed": false,
					"sourceSize": {
						"w": 5,
						"h": 6
					},
					"spriteSourceSize": {
						"x": 0,
						"y": 0,
						"w": 5,
						"h": 6
					},
					"frame": {
						"x": 391,
						"y": 107,
						"w": 5,
						"h": 6
					},
					"anchor": {
						"x": 0.5,
						"y": 0.5
					}
				},
				{
					"filename": "spr_indicador_cancion",
					"rotated": false,
					"trimmed": false,
					"sourceSize": {
						"w": 1,
						"h": 7
					},
					"spriteSourceSize": {
						"x": 0,
						"y": 0,
						"w": 1,
						"h": 7
					},
					"frame": {
						"x": 221,
						"y": 450,
						"w": 1,
						"h": 7
					},
					"anchor": {
						"x": 0.5,
						"y": 0.5
					}
				},
				{
					"filename": "spr_pancake_coconut",
					"rotated": false,
					"trimmed": false,
					"sourceSize": {
						"w": 14,
						"h": 5
					},
					"spriteSourceSize": {
						"x": 0,
						"y": 0,
						"w": 14,
						"h": 5
					},
					"frame": {
						"x": 332,
						"y": 473,
						"w": 14,
						"h": 5
					},
					"anchor": {
						"x": 0.5,
						"y": 0.5
					}
				},
				{
					"filename": "spr_palito_cancion_volumen",
					"rotated": false,
					"trimmed": false,
					"sourceSize": {
						"w": 1,
						"h": 6
					},
					"spriteSourceSize": {
						"x": 0,
						"y": 0,
						"w": 1,
						"h": 6
					},
					"frame": {
						"x": 509,
						"y": 307,
						"w": 1,
						"h": 6
					},
					"anchor": {
						"x": 0.5,
						"y": 0.5
					}
				},
				{
					"filename": "spr_pancake_strawberry",
					"rotated": false,
					"trimmed": false,
					"sourceSize": {
						"w": 14,
						"h": 5
					},
					"spriteSourceSize": {
						"x": 0,
						"y": 0,
						"w": 14,
						"h": 5
					},
					"frame": {
						"x": 495,
						"y": 379,
						"w": 14,
						"h": 5
					},
					"anchor": {
						"x": 0.5,
						"y": 0.5
					}
				}
			]
		}
	]
}
